Names & Surname,Coy number,ID Card number
Emily White,89647331,57095306
Isabella Brown,34480657,46840949
Laura Johnson,97587463,53170232
Noah Johnson,96702775,13247362
Grace Roberts,85735401,53637998
Henry Allen,43780801,66686154
Lucas Young,52724039,76001272
Charlotte Campbell,23693565,49352494
Mia Nelson,63955959,46076474
David Smith,26305713,09502477
Mia Clark,20905089,96074677
Grace White,15387207,26007948
Sarah Young,13187795,21703130
Lily Lewis,13138584,29960695
Lucas Harris,41486519,93620777
Henry Lewis,96199972,60408383
Emma Phillips,42464177,42223203
Olivia Young,53144987,74337273
Michael Lewis,28770724,09832528
Lily Davis,92247255,35617309
Robert Mitchell,34318744,29751756
William Adams,18969804,90659042
James Carter,24517618,21553657
John Baker,16461063,26717426
Chloe Thomas,17316322,21024093
Olivia Taylor,96964921,77417797
Ethan Allen,48515493,47804046
Lucas Mitchell,83123285,30573148
Michael Phillips,04947235,94148984
Mia Walker,02956691,25733686
Isabella Harris,76925647,39407443
William Smith,37941481,80022907
George Campbell,68680620,42294402
Lucas King,34011183,61007790
Emily Thomas,19462106,45421060
Jack Scott,86281141,47761935
Chloe Taylor,62218909,67750003
George Clark,18850542,10404930
Daniel Anderson,27457062,34633608
Lily Scott,65857442,41098177
Emma Thomas,05055597,59988580
Olivia Davis,54516960,11971971
Chloe Davis,10632829,15310865
John Roberts,84917457,82883640
Lily Smith,94876567,30534305
Noah Taylor,97627588,52715381
Maria Johnson,47306229,53019924
John Roberts,84437282,59033365
Sophia Carter,60419806,13609472
Jack Green,57078319,20530523
Grace Hall,58263192,90674724
Alexander Lewis,22708562,74390108
Emily Clark,11979056,80344599
Noah Scott,21583429,43282822
Emma Wright,19657981,68275413
Maria Young,57708106,70704765
George Allen,74647241,20037266
Isabella Davis,75783723,60772598
Emily Nelson,72012127,44082078
George Harris,77913187,94245177
David White,69195960,07727194
Robert Campbell,84904357,60439182
David Hill,58081056,28212603
James Campbell,68730474,87058688
Henry Hall,52240070,35985341
Ethan Adams,62483933,96928680
Michael Carter,97848729,93751249
Emily Wilson,51591552,81934936
Ella White,04505836,73500816
Isabella Campbell,10718597,93584290
Chloe Wilson,66406681,85225982
Chloe Wright,34794149,90296482
Grace Phillips,56159588,24146106
Jack Davis,71851060,30278402
Grace Scott,14936226,61243876
Lucas Anderson,45835922,28953579
Sophia Phillips,25437844,02221333
Emma Wright,62767598,08756096
Laura Clark,15038212,12037118
Michael Brown,67537957,43359374
Chloe Wright,27997528,28108592
William Johnson,15458152,50145171
Emily Walker,52724766,48263337
James Young,62000681,06197473
Emma Hall,60731583,61505621
Lucas Brown,13485312,09621905
Alexander Adams,30919024,88697921
Mia King,63577593,86140642
Ella Taylor,42507741,35774404
Lucas Young,22798941,28968102
Olivia Scott,19896609,16573380
Olivia Young,58750895,71251313
Maria Smith,98585262,70859300
Alexander Brown,66867848,25202871
Jack Hall,47938047,48617056
Lily Wright,40880823,71966181
Ethan Wright,64425958,42670923
Henry Anderson,85854872,08917978
Lily Taylor,09685157,95418244
Emily Green,36978047,29656169
George Adams,15128736,92678196
Robert Harris,63944231,32037057
Mason Carter,79903087,18034538
Ava Martin,46846722,08517567
Isabella Johnson,78757093,63454763
Sophia Young,12690728,24560211
Michael Scott,83002260,36263575
Sarah Roberts,54961002,13900293
Maria Anderson,29241145,33493699
Henry Clark,13189024,75077216
Charlotte Phillips,85382970,15914529
Mason Nelson,93843429,05795686
Isabella Wright,11644879,63271049
Lily Taylor,93517309,44100327
Alexander Thomas,57412560,93690646
William Nelson,66400943,85331999
Sophia Wilson,67967643,81692152
Daniel Scott,79555131,05673099
George Thomas,77016081,74992816
Isabella Thomas,33166547,88582639
Jack Phillips,27404828,31137558
Sophia Nelson,34202475,72304600
Mia Martin,34110035,96759357
Robert Adams,10186842,94248735
Isabella Adams,98210146,68431205
Henry Harris,08433830,18005810
Mia Anderson,34859782,38897765
William Green,86130618,98716053
Laura Carter,89898437,30821014
Lucas Harris,44651468,28875718
Maria Nelson,94718165,22678046
Ethan Harris,55597188,00221246
Grace Baker,13890829,48388000
Henry Wright,38980030,50458647
Olivia Nelson,54043874,60342720
Charlotte Thomas,74032520,53795748
Olivia Allen,66685211,60750142
Laura Walker,82812103,18516219
Noah Allen,17063332,08055593
Daniel Davis,83305232,15112415
George Brown,47063803,12706586
Emily Clark,57124263,80219704
Mia Campbell,88145586,03670666
Ava King,45340646,50687897
Ella Carter,47917828,82868155
Henry Allen,26755457,81813024
Ella Mitchell,07764656,06882932
Maria Davis,11977696,28428921
Charlotte Green,22037650,97925997
Chloe Smith,93797482,25157314
Mia Anderson,18498790,82385626
Michael Wright,85603264,34740137
Ethan Davis,35004233,99688971
Charlotte Young,29236991,17301752
Mia Hill,01851911,38820338
Sophia Harris,43401137,97582484
Robert Wright,82210443,09567526
Isabella Young,98496900,35160602
Chloe White,73102697,65779501
Noah Wilson,28927625,34180346
Ethan Taylor,55474990,63412622
Ethan Allen,14647295,50211570
Sophia Adams,79695234,08258961
John Scott,69201857,52220285
Jack King,46119391,73090649
Lucas Smith,79588611,95994011
Daniel Green,76926150,63519209
Chloe Johnson,04460612,41314447
Sarah Clark,10145052,83539540
Isabella Lewis,39560794,66315197
Lucas Wilson,00819218,24159664
Ava Martin,27734661,38119631
Ella Hill,11695335,13589334
Grace Allen,61099988,51827310
Jack White,00712862,35065066
Chloe Harris,48317700,35461227
William Walker,77856446,71946525
Charlotte Harris,64966897,43219602
Sophia Anderson,61712953,09621042
Ethan Allen,17393969,60512274
Ethan Lewis,12044132,21065282
Lucas King,87562719,30563019
John Brown,60602608,10638294
James Hill,45744024,36567812
Isabella Martin,67472923,06050435
Laura Harris,74990651,54598713
James Mitchell,09165277,33593277
John Carter,02959678,70231685
Ethan Adams,52186416,50126666
Sophia Walker,74944153,55708287
Henry Mitchell,41311809,43624792
Mason Wilson,26722487,11288150
Lucas King,27428362,55458068
Mia Hill,78416543,60619874
Sarah Brown,11656847,87370125
George Allen,91171053,60074327
Chloe Lewis,93033492,59046193
Daniel Clark,42560349,75624896
Laura Adams,21267515,58855295
Ava Wilson,57917264,49249465
Isabella Wilson,59143875,47518836
Mason Adams,29229367,87318287
Charlotte Johnson,11929537,17356642
Henry Allen,45603470,82139891
David Carter,76739792,88743246
Lily Allen,49357534,70478621
Charlotte Hall,47175082,26955260
John King,24629476,45346012
Jack Clark,44649268,34450620
Ethan King,95221480,58008737
George Lewis,43285871,88146672
Alexander White,24157700,60362236
Ethan Johnson,93779846,08626162
Mason Davis,33054972,78068096
Maria Mitchell,22740382,16811679
Laura Mitchell,04884512,87577987
Sarah Martin,25254093,42068262
Alexander Wright,72589601,89208027
Ava Lewis,53373384,02138560
Mason Martin,67077928,81131199
David Roberts,44588694,62379651
Lily Wright,21600485,90192659
Ethan Hill,97161411,40319539
Mason White,52304941,60434041
David Adams,98757015,02280814
Lily Thomas,67922090,29558831
Mia Lewis,52706671,07036607
Emma Anderson,67911450,07414495
David Nelson,23292531,30251390
Robert Carter,10186335,96850132
Chloe Green,50097005,57718723
Ava Nelson,06652152,95424351
Chloe Hall,34188385,56535769
Ella Young,28381347,29029240
Lily Brown,68836691,34192475
Henry Thomas,82302523,67793664
Robert Taylor,79983018,61357323
Jack Walker,85476508,86443901
Charlotte Brown,74779389,20090267
Olivia Wright,67489482,45520824
John Brown,57966468,03493129
Mia Anderson,86897300,89658658
Alexander Scott,60762226,83392165
Lily Anderson,35982932,31097076
Charlotte Brown,92010263,60464243
William Carter,56637468,68763581
Olivia Harris,76012260,87183945
Mason Harris,00205688,70508064
Ella White,56276258,80065395
Laura Mitchell,29807685,96681218
Lily Wright,38393104,34377866
Lucas Nelson,80736971,08026378
Grace Davis,35843080,54256831
William Phillips,80928337,33224724
Lily Clark,70710518,38126506
William Campbell,27481945,58373118
Ava Green,52090830,46337832
Jack Smith,29577087,26226704
Sarah Martin,67796447,39994686
Mia Allen,61641705,62051652
Isabella Young,55420334,13152803
Olivia Brown,63651809,55462597
James Walker,87687051,19068307
Lily Young,82627132,37311385
Emma Clark,70746786,15583386
Grace Harris,11409495,66402291
Henry Davis,76034344,18829217
Chloe King,61813677,99152300
Jack Clark,04702081,56912736
Sarah Campbell,46059089,19480404
George Allen,58660493,49376535
Laura Lewis,92734621,61992667
Chloe Taylor,27932739,56713575
Sophia Allen,21172314,39151184
Chloe Clark,07071815,86139078
Daniel Nelson,46561050,32659887
Ella Thomas,20036100,79788802
Ava Davis,96863181,26589158
David Clark,91614176,48461189
David Harris,15437341,82980606
Chloe Allen,38346117,27593939
Olivia Scott,73204881,59134596
Jack Clark,79535662,43788948
William Taylor,02434006,55149632
Lucas Hill,54891059,52564689
Grace Carter,82388514,76144136
Sarah Anderson,98246002,30815714
Emma Brown,40637873,04119853
Sophia Baker,44723553,34734005
Henry Roberts,84099666,79867151
Sophia Thomas,72851541,62327193
Mia Smith,25529140,18587909
Robert Johnson,10688343,05615300
Jack Nelson,19565549,11921267
Ethan Young,70769338,41658409
Sarah Scott,76188254,75812094
George Carter,78850568,58886063
William Nelson,66469795,52106626
James Martin,90109768,63151937
Henry Mitchell,35659340,12471533
James Hall,01842859,34877641
Michael Johnson,67337204,10677202
George Anderson,36129130,66933587
Jack Hill,33858174,84603508
Grace Carter,83667282,73892904
Charlotte Clark,03220377,32296031
Grace Hall,17616925,96698709
Mason Campbell,81294574,83149523
Sarah Wilson,62949080,74781039
Maria Hall,80016028,41420365
Mason Harris,09181419,71658635
George King,44969884,58687926
Laura Taylor,63686717,17946854
David Carter,63364855,36685614
Emily King,65229352,36135433
George Lewis,40031234,46483851
Mia Davis,49425025,93385688
Isabella King,23772458,49047825
Lily Carter,52565108,65209345
Alexander Carter,06742819,02138782
Noah Scott,37216518,75596215
Michael Carter,30472940,29706532
Lily Taylor,28081830,24852768
Daniel Martin,28503817,10704893
Daniel King,66959435,54908004
Sophia King,40073829,20100781
Lucas Anderson,51924028,46319260
David Anderson,51642096,13941623
Noah Harris,14235737,62067402
Charlotte Anderson,54563836,03888711
Emily Taylor,71339405,81922626
Daniel Thomas,61497114,74926637
Lily Hall,48887374,71863511
Olivia Campbell,43462479,15412585
Daniel Walker,66542212,17730824
Chloe Martin,75317903,72720749
George Hill,88534506,26670361
Laura King,16275993,18942550
Sophia Young,90693074,41075541
Lily Lewis,93862579,33014613
Ethan Roberts,13490096,70497064
Emily Hill,01077316,12717732
Sophia Clark,37658296,35380545
Olivia Harris,49496377,34406786
Jack Harris,81247348,47138740
Alexander Davis,52733818,66066665
Daniel Lewis,05740567,94128022
Alexander Hill,32061072,45860766
Mia Campbell,01580524,25211444
Isabella Thomas,19699307,90399780
Maria Mitchell,83781895,84037328
Ethan Brown,56914295,52292972
Henry White,11420342,49191934
Alexander Campbell,91521718,00194931
Emily Taylor,93869593,01557647
Alexander Wilson,71962131,36869544
Ella Campbell,70906068,14200268
Mason Lewis,10541819,15005740
Lucas Walker,47353966,70609740
Sarah Anderson,48483323,40706623
Daniel Martin,14827686,63513122
Alexander Carter,86902784,47027222
Maria Johnson,01520584,34398818
George King,26514617,61850844
Ethan Lewis,35204962,30283331
Alexander Davis,39307584,02750504
George Davis,82062581,19647125
Jack Johnson,27990608,45071460
Isabella Thomas,64066196,00682723
Alexander Taylor,91493129,45478609
Robert Baker,47034175,48728842
Chloe Nelson,26802771,51389506
Lucas Carter,13500209,91030905
Maria White,36679875,65602262
Lily Walker,65077532,83314701
Maria King,47205845,28743839
Michael Martin,18393857,01375649
Noah Hill,77865589,45781702
John Davis,97990234,85907028
Ava Walker,57217014,83122090
Ava Hall,67231619,09121786
David Phillips,30279770,49805954
Jack Wright,96847946,22355238
James Johnson,53619391,90089575
Emily Harris,19864463,21940210
Grace Baker,76595537,58323670
Sophia Anderson,69071983,86101334
Ava Phillips,69550918,48461285
Sophia Adams,53293755,18508887
Lucas Lewis,53521241,24546610
Emily Nelson,08116049,58855386
Ella Scott,55774663,52939541
Lily Roberts,31196746,75224670
Daniel Campbell,64469916,11799224
Sophia Mitchell,38251574,49670920
Sophia Young,60313196,04157398
Mia Davis,17711191,67752994
Ava Campbell,87525276,97786781
Henry Mitchell,17906504,54967678
Emma King,38163713,05048729
